{"iter": 2000, "train/loss": 1.624503254890442, "val/loss": 1.7359538078308105, "lr": 0.0001, "mfu": 0.09018607715427726, "_timestamp": 1694210915.5029783, "_runtime": 131.48619937896729, "_step": 8, "_wandb": {"runtime": 130}}