{"generation_time": 238.42664170265198, "_timestamp": 1694338828.2273355, "_runtime": 257.54766845703125, "_step": 0, "_wandb": {"runtime": 256}}