{"gpt2-medium_generation_time": 238.50303411483765, "_timestamp": 1695041562.6553843, "_runtime": 347.1109993457794, "_step": 1, "gpt2_generation_time": 68.74709129333496, "_wandb": {"runtime": 346}}