{"gpt2-medium_generation_time": 234.58429074287415, "_timestamp": 1694339580.6152105, "_runtime": 332.1320505142212, "_step": 1, "gpt2_generation_time": 70.90285277366638, "_wandb": {"runtime": 331}}